NYC TLC Base License #,Radio Base Name,Base Type,Preferred Luxury Discount,Loss Control Discount
B01065,Barrios Car Service,Livery ,Y,N
B00256,Carmel Car and Limo,Livery ,Y,Y
B00887,Dial 7 Car and Limo Svc,Livery ,Y,Y
B02111,Huang Hou Car Service Inc.,Livery ,Y,Y
B01527,New Family Radio Disp. Inc,Livery ,Y,Y
B01667,New Golden Horse C/L Svc,Livery ,Y,Y
B01768,New Superior Radio Group,Livery ,Y,Y
B01525,Northside Luxury Inc.,Livery ,Y,Y
B00248,Yellowstone Transp. Inc.,Livery ,Y,Y
B03193,"EXPERT CARE TRANSPORTATION, INC.",Black Car,N,N
B03135,28 EXPRESS INC.,Black Car,N,N
B03243,"CAPRICE CAR SERVICE NO.2,INC",Black Car,N,N
B03283,NORWOOD CAR @ LIMO INC.,Black Car,N,N
B03199,RINCON TRANSPORTATION LLC,Black Car,N,N
B03095,AMBARK LUXURY TRANSPORTATION LLC,Black Car,N,N
B00271,UTOG 2-WAY RADIO INC,Black Car,N,Y
B03259,LATINO EXECUTIVE INC,Black Car,N,N
B01779,APEX CAR & LIMO SVCE INC,Black Car,N,Y
B02356,"XYZ LIMOUSINE, INC.",Black Car,N,N
B02822,MILKY WAY LIMO CORP,Black Car,N,N
B03174,NEW HEAVEN LUXURY INC,Black Car,N,N
B03240,ARECIBO EXPRESS INC.,Black Car,N,N
B02608,PARADA LUXURY INC.,Black Car,N,N
B02160,"12TH STREET LUXURY CARS, INC.",Black Car,N,N
B03194,"SUNNY DAY TRANSPORTATION,CORP",Black Car,N,N
B02551,CHIEF LIMO INC.,Black Car,N,N
B03117,RELY-ON-US CAR SERVICE INC,Black Car,N,N
B02682,SCHMECKEN LLC,Black Car,N,Y
B02342,"QUEST INTERNATIONAL LIMOUSINE, INC.",Black Car,N,N
B02003,"AVALON CORPORATE CAR,INC.",Black Car,N,Y
B03022,BLACK CAR EXPRESS.COM CORP,Black Car,N,N
B02788,TAKE ME 2 INC,Black Car,N,Y
B03125,SIMPLE CARS LLC.,Black Car,N,N
B03207,QUICK AND LUXURIOUS BLACK CAR CORP,Black Car,N,N
B02101,EXEC TRANSPORT INC,Black Car,N,Y
B03204,EXTRA CAR SERVICE LLC,Black Car,N,N
B03039,BLEXCAR CORP,Black Car,N,N
B02997,KALUMA TRANSPORTATION GROUP INC.,Black Car,N,N
B03038,"SOUTH BRONX TRANSPORTATION,INC.",Black Car,N,N
B00254,XYZ TWO WAY RADIO,Black Car,N,Y
B02917,C & A BLACK CAR CORP.,Black Car,N,N
B02975,LI YANG LIMOUSINE INC,Black Car,N,N
B03242,U1ST TRANSPORTATION SERVICES LLC,Black Car,N,N
B00235,"ARISTACAR & LIMOUSINE, LTD.",Black Car,N,Y
B02867,"FUNF-NY, LLC",Black Car,N,Y
B02865,"VIER-NY,LLC",Black Car,N,Y
B02970,FLYTE LINE TRANSPORTATION LLC,Black Car,N,N
B02787,SEMPERIDE LLC,Black Car,N,N
B03059,"VOYAGER'S CAR & LIMO,INC",Black Car,N,N
B03116,NAVI TRANSPORTATION INC.,Black Car,N,N
B03021,ALBAJOSH TRANSPORT CORP,Black Car,N,N
B03164,KISS LUXURY TRANSPORTATION INC.,Black Car,N,N
B02429,SEAGULL RIDE CORP,Black Car,N,N
B03221,FRONT LINE CAR & LIMO SERVICE INC,Black Car,N,N
B02925,SIGNATURE BLACK CAR LLC,Black Car,N,N
B03165,"NERD WAHED, INC.",Black Car,N,N
B00888,ACE C/L SVCE INC,Black Car,N,Y
B02998,GENESIS LUXURY TRANSPORTATION CORP.,Black Car,N,N
B02819,FIVE STAR LUXURY INC.,Black Car,N,N
B02876,"VIERZEHN-NY, LLC",Black Car,N,Y
B02784,SMILE TRANSPORTATION GROUP INC,Black Car,N,N
B02868,CHA CHA TRANSPORTATION CORP,Black Car,N,N
B02984,GRAND PRIX TRANSPORTATION LLC,Black Car,N,N
B03097,AERO LIMO INC,Black Car,N,N
B02924,CELEBRITY LUXURY INC.,Black Car,N,Y
B02942,FANNY RADIO DISPATCHER SERVICE INC.,Black Car,N,N
B03196,KAYL INC.,Black Car,N,N
B03096,QUDOS FLEET NEW YORK 1 LLC,Black Car,N,N
B03192,PERFECTION CAR SERVICE INC,Black Car,N,N
B02909,PUERTO RICO EXPRESS BLACK LUXURY INC,Black Car,N,N
B03107,JD XPRESS INC.,Black Car,N,N
B03113,MIKE'S VIP TRANSPORTATION INC.,Black Car,N,N
B02795,LIMO SEVEN TRANSPORTATION INC,Black Car,N,N
B00381,BELL RADIO INC,Black Car,N,Y
B01803,"V.I.P. CONNECTION, INC.",Black Car,N,Y
B03042,BAYRIDGE EXPRESS LUXYRY INC,Black Car,N,N
B03072,CONVENIENCE RIDE TRANSPORTATION SERVICES INC.,Black Car,N,N
B03105,MAZNA TRANSPORTATION CORPORATION,Black Car,N,N
B02532,COZY RIDE LIMOUSINE INC,Black Car,N,N
B02005,CAR LINE TRANSPORTATION CORP.,Black Car,N,Y
B03223,SUPRARIDE INC,Black Car,N,N
B03102,METRO LUXURY INC,Black Car,N,N
B01087,ELITE LIMO PLUS INC,Black Car,N,Y
B02651,SAROS TRANSPORTATION GROUP INC.,Black Car,N,N
B00013,LOVE CORPORATE CAR INC,Black Car,N,Y
B03206,KIDMOTO TECHNOLOGIES LLC,Black Car,N,N
B02825,GUADALUPANA II CAR & LIMO INC,Black Car,N,N
B02539,HAWK CAR AND LIMO SERVICE,Black Car,N,N
B03002,"REYNO,INC.",Black Car,N,N
B03109,ROLUX INC,Black Car,N,N
B02811,M.L TRIPS CORP.,Black Car,N,N
B02761,D & M EXPRESS INC,Black Car,N,N
B03129,PHASE ONE TRANSPORT INC.,Black Car,N,N
B02664,CORPORATE CAR LTD.,Black Car,N,Y
B02373,QUIET SERVICES INC,Black Car,N,N
B03202,JUPITER SELECT LLC,Black Car,N,N
B02932,GRAND TRANSPORTATION SERVICES INC,Black Car,N,N
B03274,NECROPOLIS TRANS CORP,Black Car,N,N
B03120,"ABIX TRANSPORTATION,CORP",Black Car,N,N
B02878,"ELF-NY,LLC",Black Car,N,Y
B03006,HUDSON HEIGHTS TRANSPORTATION INC.,Black Car,N,N
B03203,GREATEST TRANSPORTATION LLC,Black Car,N,N
B03073,"TRANSMEDI, LLC",Black Car,N,N
B03100,MORELOS CAR SERVICE INC.,Black Car,N,N
B03062,BQN VOUCHER INC,Black Car,N,N
B03017,SDR TRANSPORTATION CORP.,Black Car,N,N
B02817,ANYTIME FORSYTH TRANSPORT CORP,Black Car,N,N
B02207,"EASTERN LUXURY, INC.",Black Car,N,Y
B03256,JETSET TRANSPORTATION CORP.,Black Car,N,Y
B02492,"EZCAR.COM, LLC",Black Car,N,Y
B02889,"ACHTZEHN-NY, LLC",Black Car,N,Y
B03138,WST LIMOUSINE LLC,Black Car,N,N
B02968,NEW GENERATION BLACK CAR TRANSPORTATION CORP.,Black Car,N,N
B03156,EPIC CAR SERVICE INC.,Black Car,N,N
B03071,OUTSIDE'S LUXURY INC.,Black Car,N,N
B03076,CHARRITOS BLACK CAR INC,Black Car,N,N
B03049,"RIVERSIDE CLASSIC, INC.",Black Car,N,N
B03055,EXPLORER EXPRESS INC,Black Car,N,N
B03226,PAXXIA LUXURY CORP.,Black Car,N,N
B02835,DREIST NY LLC,Black Car,N,Y
B02475,ECKFORD LITE CAR & LIMO INC.,Black Car,N,N
B02871,"ACHT-NY,LLC",Black Car,N,Y
B02860,EVERY WHERE LIMO SERVICE INC.,Black Car,N,N
B03211,GREENLIGHT TRANSPORTATION SERVICE,Black Car,N,N
B03232,ANGEL'S CAR SERVICES CORP.,Black Car,N,N
B02334,"GROUND TRAVEL SERVICES II, LTD.",Black Car,N,N
B00272,BIG APPLE CAR INC,Black Car,N,Y
B03215,BALAYIRA LLC,Black Car,N,N
B03139,MJ LUXURY INC.,Black Car,N,N
B03260,CASTLETON BLACK CAR SERVICE INC.,Black Car,N,N
B02331,"CHICO EXPRESS LIMO, INC.",Black Car,N,N
B02797,CJ LIMOUSINE LLC,Black Car,N,N
B02971,"ULTRA BLACK CAR TRANSPORTATION, CORP.",Black Car,N,N
B02902,NY CAR & LIMO SERVICES INC.,Black Car,N,N
B00202,"EXCELSIOR CAR & LIMO, INC.",Black Car,N,Y
B03148,JUNIORS LUXURY 2 INC.,Black Car,N,N
B03161,LA MEXICANA EXPRESS 2 INC.,Black Car,N,N
B02167,MADISON LIMOUSINE INC,Black Car,N,N
B03244,HI5 TRANSPORTATION INC.,Black Car,N,N
B02969,LYFE AUTO GROUP INC,Black Car,N,N
B03101,MBS LIMOS LTD,Black Car,N,N
B02133,"TWR CAR & LIMO, INC.",Black Car,N,Y
B02686,STANDARD LIMOUSINE & CAR SERVICE GROUP LLC.,Black Car,N,Y
B02507,SARAH VENTURES INC.,Black Car,N,N
B03157,CAPRICE CAR SERVICE CORP.,Black Car,N,N
B00446,COMMUNICAR INCORPORATED,Black Car,N,Y
B03119,CHINA TRANSIT LLC.,Black Car,N,N
B03241,KAIRON LLC,Black Car,N,N
B02905,PUEBLA LUXURY CORP,Black Car,N,N
B03268,NEZA EXPRESS INC.,Black Car,N,N
B03181,EVEREST LUXURY CORP,Black Car,N,N
B02898,SANO CAR LLC,Black Car,N,N
B02879,"FUNFZEHN-NY, LLC",Black Car,N,Y
B02110,"OPTIMUM CAR & LIMO, INC.",Black Car,N,Y
B02806,WIZ LIMO TRANSIT INC.,Black Car,N,N
B02369,UNICAR LUXURY INC.,Black Car,N,N
B03145,YERZ CAR INC.,Black Car,N,N
B03015,TRI-COUNTY BLACK CARS INC,Black Car,N,N
B03180,STATEN ISLAND TRANSPORTATION SERVICES INC.,Black Car,N,N
B02913,DAT TRANSPORTATION INC.,Black Car,N,N
B02401,NORTHSIDE BK LLC,Black Car,N,Y
B03122,SIN FRONTERAS CAR SERVICE INC,Black Car,N,N
B03069,"HINOMARUNY INTERNATIONAL,INC",Black Car,N,N
B03020,5J TRANSPORTATION INC.,Black Car,N,N
B02990,GO MY SEDAN LLC,Black Car,N,N
B02884,"DREIZEHN-NY, LLC",Black Car,N,Y
B03254,TEMPO TRANSPORTATION CORP.,Black Car,N,N
B03220,PASEO TRANSPORTATION INC.,Black Car,N,N
B02747,LEGEND LUXURY LIMO INC.,Black Car,N,N
B03248,GUEST TRAVEL SERVICE INC.,Black Car,N,N
B03216,ABY TRANSPORTATION INC,Black Car,N,N
B03171,HIGHLAND TRANSPORTATION MANAGEMENT CORP.,Black Car,N,N
B02534,DV LUXURY TRANSPORTATION CORPORATION,Black Car,N,N
B03163,NEW HOPE TRANSPORTATION CORP.,Black Car,N,N
B03060,EASTLAND BLACK CARS CORP,Black Car,N,N
B02965,ORION LUXURY CORP,Black Car,N,N
B03047,"STS LUXURY, INC",Black Car,N,N
B02517,LOS PAISANOS LUXURY C/S INC.,Black Car,N,N
B03106,LA NORTENA CAR & LIMO INC,Black Car,N,N
B02770,"CAVALIER CAR & LIMOUSINE, INC.",Black Car,N,N
B02899,NEW BLACK LUXURY CARS CORP,Black Car,N,N
B03269,"KID CAR NY,LLC",Black Car,N,N
B03189,TOWER CAR AND LIMO INC,Black Car,N,N
B03250,SALAM CAR SERVICE INC.,Black Car,N,N
B00789,VITAL TRANSPORTATION INC.,Black Car,N,Y
B00280,FLEET RADIO DISPATCH CORP.,Black Car,N,Y
B02447,LUIGI MEMO INC.,Black Car,N,N
B03137,"IOT SERVICES, LLC",Black Car,N,N
B03153,GYPSY TRANSPORTATION CORP.,Black Car,N,N
B02814,BELL LX INC,Black Car,N,N
B03280,ARMONY TRANSPORTATION INC.,Black Car,N,N
B03277,SISKO TRANSPORTATION INC.,Black Car,N,N
B03114,PRAISE RIDE INC.,Black Car,N,N
B02921,"GRAVITAS PRIMO,LLC",Black Car,N,N
B02853,SAFE RIDES CAR & LIMO SERVICES INC,Black Car,N,N
B02732,KESHES INC,Black Car,N,N
B02292,NEW YORK APPLE V.I.P. CORP,Black Car,N,N
B03231,BIG 'O' LIMO CORP,Black Car,N,N
B01197,"TEL-A-CAR OF NEW YORK, LLC",Black Car,N,Y
B03267,MANGA TRANSPORTATION CORP,Black Car,N,N
B03279,AMERIKANISCH SERVICES CORP.,Black Car,N,N
B03152,EXIT LUXURY INC.,Black Car,N,N
B03128,RIDE SMART CORP.,Black Car,N,N
B02877,"ZWOLF-NY, LLC",Black Car,N,Y
B01957,"ANIMO, INC",Black Car,N,N
B03099,ORANGE RIDE CORP,Black Car,N,N
B02518,MATTHEW'S LIMO INC,Black Car,N,N
B03177,BERNICE SERVICES INC,Black Car,N,N
B03284,MYLE WORLDWIDE INC,Black Car,N,N
B03185,G&J LUXURY TRANSPORTATION INC,Black Car,N,N
B02869,"ZEHN-NY,LLC.",Black Car,N,Y
B03278,GEWESEN TRANSPORTATION CORP.,Black Car,N,N
B00306,LOVE LIMOUSINE NYC LTD,Black Car,N,Y
B03247,Q FAMILY DIGITAL DISPATCH CORP.,Black Car,N,N
B01875,ON LINE LIMOUSINE LLC,Black Car,N,Y
B02303,MINEOLA TRANSPORTATION INC.,Black Car,N,N
B03057,PROSPECT LUXURY CAR SERVICE,Black Car,N,N
B03270,ABI GROUP LUXURY INC.,Black Car,N,N
B03089,WOW SERVICES INC,Black Car,N,N
B02772,"TAP & RIDE,INC.",Black Car,N,N
B00608,SUMMIT CORPORATE CAR INC.,Black Car,N,Y
B03191,GUILLEN TRANSPORTATION SERVICES INC,Black Car,N,N
B03081,DLS CAR AND LIMOUSINE SERVICE CORP,Black Car,N,N
B03258,CHERRY TRANSPORTATION NY INC.,Black Car,N,N
B03056,INSPIRATION GROUP INC,Black Car,N,N
B00412,NYC 2 WAY INTERNATIONAL LTD,Black Car,N,Y
B03208,MACOMBS TRANSPORTION CORP.,Black Car,N,N
B02240,NEW APPLE TRANS. INC.,Black Car,N,N
B02912,FIRST CLASS LUXURY INC,Black Car,N,N
B03127,ULTIMATE BLACK CAR CORP.,Black Car,N,N
B00411,FONE-A-CAR INC,Black Car,N,Y
B03251,RIDE FHV CORP.,Black Car,N,N
B03176,BEE BEE LUXURY SERVICE INC.,Black Car,N,N
B03275,MDM TRANSPORTATION CORP.,Black Car,N,N
B02956,W.K.EXPRESS LIMO SERVICE INC,Black Car,N,N
B00014,NY ONE CORP CAR INC,Black Car,N,Y
B02838,THA MAYA CAR SERVICE INC,Black Car,N,N
B02846,DLS TRANSPORTATION CORP.,Black Car,N,N
B03170,PAISA CLASSIC BLACK INC.,Black Car,N,N
B02856,MARIACHI CAR SERVICE INC,Black Car,N,N
B03040,ZYT EXPRESS CORP.,Black Car,N,N
B02834,811 TRANSIT CORP,Black Car,N,N
B02067,"GROUP AMERICAR TRANSPORTATION,LLC.",Black Car,N,Y
B03093,HAMPTON'S TRANSPORTATION SERVICE INC.,Black Car,N,N
B03028,CASTILLO CAR & LIMO INC,Black Car,N,N
B02955,HANA TRANSPORTATION CORP,Black Car,N,N
B02408,"PETER EXECUTIVE LIMOUSINE, CORP",Black Car,N,N
B03032,A & S LIMOUSINE SERVICE CORP,Black Car,N,N
B03051,VILLE DE LA LIBERTE CHAUFFEUR INC,Black Car,N,N
B02711,TRANS CITY TRANSPORTATION INC,Black Car,N,N
B00628,"CONCORD LIMOUSINE 1, LLC",Black Car,N,Y
B03229,FVR TRANSPORTATION INC.,Black Car,N,N
B03143,LUXORIDE INC,Black Car,N,N
B03162,IMPERIUM TRANS GROUP INC,Black Car,N,N
B02928,N.Y.M EXPRESS INC,Black Car,N,N
B03173,ABIAN TRANSPORTATION INC.,Black Car,N,N
B02638,EAGER LIMO SERVICE INC.,Black Car,N,N
B00448,DIAL CAR INC.,Black Car,N,Y
B02243,BARONAS LUXURY II INC,Black Car,N,Y
B03018,AUREUS LLC,Black Car,N,Y
B02944,SCORPIO FIVE STAR CAR & LIMO SERVICE INC,Black Car,N,N
B03126,YUR DRIVERS NETWORK INC,Black Car,N,N
B02849,BROOKLYN RIDES CORP,Black Car,N,N
B03245,UASLUXURY1 INC,Black Car,N,N
B03183,SAVANNAH TRANSPORTATION MANAGEMENT LLC,Black Car,N,N
B02882,"ZWANZIG-NY,LLC",Black Car,N,Y
B02248,HYBRID LIMO EXPRESS INC.,Black Car,N,N
B02929,OTTOMAN TRANSPORTATION INC.,Black Car,N,N
B02918,LEOPARD INC,Black Car,N,N
B02847,JOY LUXURY INC,Black Car,N,N
B03172,ALLIED BLACK CAR SERVICE LLC.,Black Car,N,N
B02783,"PREFERRED CARE TRANSPORTATION SERVICE,INC",Black Car,N,N
B02931,NEW TECHNOLOGY TRANSPORTATION INC.,Black Car,N,N
B03151,TRIPLE J'S CAR SERVICE INC.,Black Car,N,N
B02978,ONYX 1 INC,Black Car,N,N
B03188,JC LUXURY INC,Black Car,N,N
B03115,TAHA INC.,Black Car,N,N
B03234,ALPHA EXPRESS RIDE CORP.,Black Car,N,N
B02737,BWJ GROUP INC,Black Car,N,N
B02739,TRAXLINE CAR SERVICE INC.,Black Car,N,N
B02765,GRUN LLC,Black Car,N,Y
B02457,NEW NEIGHBOR LUXURY INC.,Black Car,N,N
B02888,"SIEBZEHN-NY,LLC",Black Car,N,Y
B02887,"EINUNDZWANZIG-NY, LLC",Black Car,N,Y
B03140,RISE AND SHINE TRANSPORTATION INC.,Black Car,N,N
B03118,A & M TRANSPORT TRANSPORT INC,Black Car,N,N
B03209,PARAMOUNT TRANSPORT INC.,Black Car,N,N
B03104,GCC TRANSPORTATION LLC.,Black Car,N,N
B03271,PRIUS TRANSPORTATION CORP.,Black Car,N,N
B03159,A1 ACCESSIBLE TRANSPORTATION LLC,Black Car,N,N
B02855,JUNIORS LUXURY INC,Black Car,N,N
B03255,POPULAR TRANSPORTATION CORP.,Black Car,N,N
B02794,ASAP LUXE INC,Black Car,N,N
B03235,ALIANZA TRANSPORTATION SERVICE INC.,Black Car,N,N
B02256,"EUROPE LIMOUSINE SERVICE, INC.",Black Car,N,N
B03239,CIBAO 2 INC.,Black Car,N,N
B00477,INTA-BORO ACRES INC,Black Car,N,Y
B02360,BRIDGES LIMOUSINE INC,Black Car,N,Y
B03262,ROYALTY FAMILY CORP,Black Car,N,N
B03048,ATLANTIS TRANSPORTATION SERVICES INC,Black Car,N,N
B02864,"SIEBEN-NY,LLC",Black Car,N,Y
B02972,BLESSING TRANSPORTATION GROUP INC,Black Car,N,N
B03168,KAYROS TRANSPORTATION INC,Black Car,N,N
B02352,"SUPER FAST LIMOUSINE SERVICE, INC.",Black Car,N,N
B02764,"DANACH-NY,LLC",Black Car,N,Y
B03227,NY MERENGUE TRANSPORTATION INC,Black Car,N,N
B02510,"TRI-CITY,LLC",Black Car,N,Y
B02967,ABIEL TRANSPORTATION CORP,Black Car,N,N
B03285,FLUSHING LIMOUSINE TRANSPORTATION SERVICE CORP.,Black Car,N,N
B03214,MALIBU CAR SERVICE INC.,Black Car,N,N
B02723,CHARLIE BLACK CAR INC.,Black Car,N,N
B02729,LOW TOUCH LUXURY INC.,Black Car,N,N
B03077,MGL TRANSPORT01INC,Black Car,N,N
B02852,OP CAR SERVICE INC.,Black Car,N,N
B00111,SKYLINE CREDIT RIDE INC,Black Car,N,Y
B03063,786 TRANSPORTATION RIDES INC,Black Car,N,N
B02762,SHOWTIME TRANSPORTATION CORP.,Black Car,N,N
B02617,WEITER LLC,Black Car,N,Y
B03200,L & J LOGISTICS CORP.,Black Car,N,N
B01928,DISCOVER LIMO INC,Black Car,N,N
B02809,NBT TRANSPORTATION INC,Black Car,N,N
B03158,SPOTON.PET LLC,Black Car,N,N
B03160,"CURB TRANSPORTATION SERVICES,LLC",Black Car,N,N
B02872,"EINS-NY,LLC",Black Car,N,Y
B02875,"SECHS-NY, LLC",Black Car,N,Y
B02826,NEW BELL LUXURY CORP,Black Car,N,N
B03085,W DIAMOND LIMO INC,Black Car,N,N
B03187,A & J CAR SERVICE CORP,Black Car,N,N
B02699,PRESIDENTIAL LUXURY LIMO INC.,Black Car,N,N
B03110,BETTER CAR & LIMOUSINE SERVICE INC,Black Car,N,N
B02951,"APPROACH QUALITY TRANSPORTATION, LLC",Black Car,N,N
B03166,TURING ENTERPRISES INC.,Black Car,N,N
B02453,MCW CAR & LIMO INC.,Black Car,N,N
B03092,USA LIMOUSINE SERVICE CORP,Black Car,N,N
B00296,PRIME TIME TRANS. INC,Black Car,N,Y
B03257,MAXI LUXURY CARS CORP.,Black Car,N,N
B03023,HERMANY LIMO TRANSPORTATION LLC,Black Car,N,N
B03084,PERSIST CORPORATION,Black Car,N,N
B02840,RAELEEN CAR CORP.,Black Car,N,N
B02774,ALFRED HOLDINGS INC.,Black Car,N,N
B02096,"CET GROUP, INC",Black Car,N,Y
B02725,KIRIN TRANSPORTATION INC,Black Car,N,N
B01899,"ALLSTATE PRIVATE CAR & LIMO,INC",Black Car,N,Y
B03123,CLAY TRANSPORTATION INC.,Black Car,N,N
B01309,ACME LIMOUSINE LLC,Black Car,N,Y
B03225,ALCON EXPRESS INC,Black Car,N,N
B03033,FLEX EXPRESS CORP.,Black Car,N,N
B03213,PRIMARY TRANSPORTATION CORP,Black Car,N,N
B03111,"SELECT TRANS,INC",Black Car,N,N
B03061,BLUE EAGLE TRANSPORTATION SERVICES CORP,Black Car,N,N
B03007,THE NEW SPANISH CAR & LIMO INC,Black Car,N,N
B03198,"DD&SON,LLC",Black Car,N,N
B02844,"ENDOR CAR & DRIVER,LLC.",Black Car,N,Y
B02996,FOREVER BLUE CAR SERVICE INC.,Black Car,N,N
B02418,PLUSH SERVICES CORP,Black Car,N,N
B03217,RRD TRANSPORTATION INC,Black Car,N,N
B02989,GOOD FRIENDS CAR SERVICE INC,Black Car,N,N
B02962,"HEALTH BLACK CAR SERVICES, CORP",Black Car,N,N
B02863,NYC MIDDTOWN LIMO CORP,Black Car,N,N
B03246,FASTRIDE LIMO INC.,Black Car,N,N
B03066,FORTY-FOUR CAR & LIMO,Black Car,N,N
B02930,V.I.T. BLACK CAR TRANSPORTATION CORP.,Black Car,N,N
B02254,"FINESSE GROUP LIMOUSINE,INC.",Black Car,N,N
B02870,"NEUN-NY,LLC",Black Car,N,Y
B00277,ALL CITY CORP TRANS INC,Black Car,N,Y
B03050,"TORINKO NY, LLC",Black Car,N,N
B02588,ND LINE INC.,Black Car,N,N
B03142,"COOL WAY TECHNOLOGY, INC.",Black Car,N,N
B02903,JFK LUXURY LIMOUSINE INC,Black Car,N,N
B01949,FIRST CLASS OF NEW YORK INC.,Black Car,N,Y
B00053,CHARGE AND RIDE INC,Black Car,N,Y
B03237,SEDWICK TRANSPORTATION CORP,Black Car,N,N
B03036,ZYNC INC,Black Car,N,N
B01367,"ROYAL DISPATCH SERVICES, INC.",Black Car,N,Y
B03112,"DALLAS LIMO, INC",Black Car,N,N
B02866,"ZWEI-NY,LLC",Black Car,N,Y
B02715,GROUNDANYWHERE LLC,Black Car,N,Y
B03083,DIVINE LUXURY TRANSPORTATION INC,Black Car,N,N
B02841,"SKYWAY EXECUTIVE SERVICE, INC",Black Car,N,N
B02550,AGAPE LUXURY CORP.,Black Car,N,N
B02881,DIANE CAR AND LIMO SERVICE LLC,Black Car,N,Y
B03027,CAIRO TRANSPORTATION INC,Black Car,N,N
B03263,RITZY TRANSPORTATION CORP.,Black Car,N,N
B03078,EQUALTRANS LLC,Black Car,N,N
B03210,DUNAMIS CARE CAR SERVICE CORP.,Black Car,N,N
B02977,MEDROCK CAR SERVICE INC.,Black Car,N,N
B02892,SEAMAN EXPRESS CORP.,Black Car,N,N
B02769,MAVROS TRANSPORTATION INC,Black Car,N,N
B03044,DIPLOMATIC SERVICES INC,Black Car,N,N
B03201,NYDKB INC.,Black Car,N,N
B03266,HOYT LIMO & SERVICE CORP.,Black Car,N,N
B02960,MURRAY EXPRESS CAR SERVICE INC,Black Car,N,N
B03075,GAYNOR ENTERPRISES LLC.,Black Car,N,N
B03052,PROGRESIVE LIMOS INC.,Black Car,N,N
B03011,GOOD DAY TRANSPORTATION INC,Black Car,N,N
B02833,ADVANCED LUXURY LIMO SVC. INC.,Black Car,N,N
B02472,NEW BUSHWICK LUXURY INC.,Black Car,N,N
B03094,"JBE LIMO, INC",Black Car,N,N
B02947,"ONIX TRANSPORTATION, INC",Black Car,N,N
B03131,HYTCH HOLDING LLC,Black Car,N,N
B03179,REQUESTRIDE LIMO INC.,Black Car,N,N
B03029,TRANSCARE SOLUTIONS INC,Black Car,N,N
B02883,"SECHZEHN-NY, LLC",Black Car,N,Y
B03147,H H CAR SERVICE INC,Black Car,N,N
B03212,SPIN TRANSPORTATION INC,Black Car,N,N
B03230,"THE BEST WE CAN TRANSPORTATION, INC.",Black Car,N,N
B01183,ODYSSEY GLOBAL TRANSPORTATION & LIMO LLC.,Black Car,N,Y
B01985,"LUXURY WORLDWIDE TRANSPORTATION, LLC",Black Car,N,Y
B03016,BEST DEAL BLACK INC.,Black Car,N,N
B02901,GALLANT LUXURY SERVICE CORP.,Black Car,N,N
B03195,DOMINICAN DREAM TRANSPORTATION INC.,Black Car,N,N
B02563,FENIX XL CAR AND LIMO SERVICE CORP.,Black Car,N,N
B03218,CHOICE TRANSPORTATION CORP.,Black Car,N,N
B03025,URBAN LUXURY INC,Black Car,N,N
B02800,FLATIRON TRANSIT LLC,Black Car,N,Y
B02637,ROOSEVELT CAR & LIMO INC.,Black Car,N,N
B03252,CITY WAV CORP.,Black Car,N,N
B03228,LIQUID FOX TRANSPORTATION CORP.,Black Car,N,N
B02880,"NEUNZEHN-NY, LLC",Black Car,N,Y
B03136,GREENPOINT TRANSIT LLC,Black Car,N,Y
B03144,JUST A MOMENT CAR SERVICE INC,Black Car,N,N
B02836,DRINNEN-NY LLC,Black Car,N,Y
B02749,FACE LIMO INC,Black Car,N,N
B03184,COOP CAR CARE INC,Black Car,N,N
B03098,USA DRIVERS GROUP INC.,Black Car,N,N
B02987,7 WAYS TRANSPORTATION CORP.,Black Car,N,N
B03236,AGUILA CAR & LIMO CORPORATION,Black Car,N,N
B03186,ONE STOP RIDE LLC,Black Car,N,N
B02330,"OCHO LUXURY CAR, INC.",Black Car,N,N
B02103,A & S LIMOUSINE SERVICE CORP,Livery ,N,N
B01306,"R N D TRANSPORTATION, INC.",Livery ,N,N
B01444,REGO PARK EXPRESS INC.,Livery ,N,N
B01667,"NEW GOLDEN HORSE C/L SVC,INC.",Livery ,N,N
B02404,"KUCHEN,LLC",Livery ,N,N
B00911,"RIVERSIDE PLUS RADIO DISPATCH, INC.",Livery ,N,N
B01436,NEW PRONTO TRANSP INC,Livery ,N,N
B01233,NEW LACONIA RAD DISP INC,Livery ,N,N
B01268,LAKEVIEW CARS INC.,Livery ,N,N
B00056,TRANSIT PRIVATE CAR SERVICE INC.,Livery ,N,N
B00459,910 CAR SERVICE INC,Livery ,N,N
B01777,PREMIUM RADIO DISP & MULTI SVC,Livery ,N,N
B01066,DOMINICANA RAD DISP INC,Livery ,N,N
B02687,ECO RIDE INC.,Livery ,N,N
B00536,"WINTHROP HOLDING OF NEW YORK, INC",Livery ,N,N
B00337,KEW GARDENS ENTERPRISES INC.,Livery ,N,N
B02839,YERUSHALAYIM CAR&LIMO INC,Livery ,N,N
B00345,MARTIN'S BELLE HARBOR CAR SERVICE,Livery ,N,N
B00457,PREMIUM BRONX CORP,Livery ,N,N
B00856,BEE-BEE CAR SERVICE INC.,Livery ,N,N
B01984,NY 88 EXPRESS CORP.,Livery ,N,N
B02537,ALLTOWN LIMO CORP.,Livery ,N,N
B00054,128 BLUE BIRD TRANSPORT INC.,Livery ,N,N
B02138,"GUADALUPANA CAR LIMO, INC",Livery ,N,N
B03067,FORTY - FOUR CAR & LIMO INC.,Livery ,N,N
B00746,BAMADU CAR SVCE,Livery ,N,N
B02288,SAFARI TRANSPORTATION INC.,Livery ,N,N
B01300,KENNEDY RAD DISP INC,Livery ,N,N
B00948,510 CAR SERVICE CORP,Livery ,N,N
B01364,NY ATLIXCO CAR SERVICE INC,Livery ,N,N
B00955,GOLDEN-TOWN CAR & LIMOUSINE SERVICE INC.,Livery ,N,N
B01454,FREEDOM LIMO & CAR SERVICE,Livery ,N,N
B01315,"V.I.T. CAR SERVICE, INC.",Livery ,N,N
B02653,NEW COLLEGE CAR SVCE INC,Livery ,N,N
B01730,LUCKY EXPRESS CORPORATION,Livery ,N,N
B01437,MERENGUE LIMO & C/S INC,Livery ,N,N
B01700,LINDEN EXPRESS CAR SERVICES INC.,Livery ,N,N
B00619,"HOLA CAR SERVICE,INC.",Livery ,N,N
B01081,GEORGE TOWN MANAGEMENT INC,Livery ,N,N
B01190,NEW BELL CAR SERVICE CORP,Livery ,N,N
B00975,"T.J.Q. CAR SERVICE, INC.",Livery ,N,N
B00991,BLUE LANE CAR SERVICE INC,Livery ,N,N
B00990,"MIRAGE LIMOUSINE SERVICE, INC.",Livery ,N,N
B01129,GTWY INC,Livery ,N,N
B01467,NEW EXPERIENCE #1 INC,Livery ,N,N
B01341,A NEW DAY RAD DISP INC,Livery ,N,N
B01332,SKYWAY CAR SERVICE EXPRESS INC.,Livery ,N,N
B02229,NEW FAT INC.,Livery ,N,N
B01479,PRATT CAR SERVICE INC,Livery ,N,N
B01445,J T TRANS CO INC,Livery ,N,N
B01091,A & R GOLDEN EXP INC,Livery ,N,N
B00492,BLU-WHITE ASSOCIATED TRANSPORTATION SERVICE INC,Livery ,N,N
B00151,KINGSBAY CAR SERVICE INC,Livery ,N,N
B02050,"MAZIN CAR & LIMO SVC., LLC",Livery ,N,N
B01016,810 CAR SVCE CORP,Livery ,N,N
B01061,DAT RADIO DISP INC,Livery ,N,N
B02832,NYC FLY WHEELS INC.,Livery ,N,N
B00647,KISS CAR SERVICE INC,Livery ,N,N
B02756,ALLY CAR SERVICE LLC,Livery ,N,N
B02228,SPECIAL RADIO DISP.CORP.,Livery ,N,Y
B02006,AMERICA UNITED MULTIPLEX CAR SERVICE CORP.,Livery ,N,N
B01394,KINGSWAY CAR & LIMO SVC INC,Livery ,N,N
B01392,NEW AMERICAN CLASS L/C SERVICE CORP.,Livery ,N,N
B01194,440 CAR SERVICE INC.,Livery ,N,N
B00652,RESCUE C/S INC,Livery ,N,N
B02461,NEW HEAVEN RADIO DISPATCH CORP,Livery ,N,N
B02293,XPRESS TRANSPORT & MULTI SERVICE INC.,Livery ,N,N
B02641,AVENUE X CAR SERVICE INC.,Livery ,N,N
B02799,CHURCH AVENUE EXPRESS INC,Livery ,N,N
B01606,LA MEXICANA EXPRESS INC.,Livery ,N,N
B02728,NEWTOWN PRIVATE CAR SERVICE INC.,Livery ,N,N
B02395,ABATAR LLC,Livery ,N,N
B03154,AGAPE LIMO CORP.,Livery ,N,N
B01069,RPO CAR AND LIMOUSINE SERVICE INC.,Livery ,N,N
B01145,ULTRA RADIO DISP INC,Livery ,N,N
B00821,ATLANTIC CAR SVCE,Livery ,N,N
B02055,"MONTAGUE MANAGEMENT SERVICES, INC.",Livery ,N,N
B01343,ALL PEOPLE CAR SERVICE INC.,Livery ,N,N
B01259,THE NEW BROOKLYN C/S INC,Livery ,N,N
B01351,HADERECH CAR SERVICE INC,Livery ,N,N
B01109,UNITED EXP C/L SVCE,Livery ,N,N
B02437,"EXCELLENT CAR & LIMO SERVICE, INC.",Livery ,N,N
B00639,ROCAPULCO CAR SERVICE INC.,Livery ,N,N
B01868,LIMO 4 LLC,Livery ,N,Y
B02857,MATHES SERVICE INC.,Livery ,N,N
B01768,NEW SUPERIOR RADIO GRP CORP,Livery ,N,N
B01629,BBA MANAGEMENT INC.,Livery ,N,N
B01311,DISCOUNT CAR SVCE,Livery ,N,N
B01280,BENSONHURST RIDE INC.,Livery ,N,N
B00625,"CENTRAL CAR SERVICES,INC.",Livery ,N,N
B01546,BELLE-ROCK OF BEACH CHANNEL INC.,Livery ,N,N
B00171,CURB TRANSPORTATION SERVICES LLC.,Livery ,N,N
B01717,HIGH CLASS BRONX LIMO C/S CORP,Livery ,N,N
B01381,CLASSIC CAR SERVICE CORP.,Livery ,N,N
B01065,EL BARRIO'S CAR SERVICE LLC,Livery ,N,N
B00350,CHAMPION CAR & LIMO SVC. INC.,Livery ,N,N
B02162,A B C SHUTTLE SERVICES CORPORATION,Livery ,N,N
B02803,OUTSIDE'S CAR SERVICE INC.,Livery ,N,N
B02279,MATAMOROS CAR SERVICE INC.,Livery ,N,N
B00850,UPTOWN TRANSIT CORP,Livery ,N,N
B02145,NEW 2020 CAR SERVICE INC,Livery ,N,N
B01600,R & N CAR SERVICE INC.,Livery ,N,N
B00031,QUEENS VILLAGE INC.,Livery ,N,N
B01663,CIBAO RADIO DISPATCH,Livery ,N,N
B01231,GO CAR CORP.,Livery ,N,N
B01285,UNION RADIO DISPATCH INC,Livery ,N,N
B00987,MARLBORO CAR SERVICE INC.,Livery ,N,N
B01751,CONCORDE EXP OF N.Y. INC,Livery ,N,N
B01525,NORTHSIDE BK LLC,Livery ,N,Y
B02391,"BAYRIDGE EXPRESS, INC",Livery ,N,N
B02660,EXIT CAR SERVICE INC.,Livery ,N,N
B01995,NYMEX UNO EXECUTIVE SEDAN'S INC,Livery ,N,N
B01593,"NOVAK GLOBAL, INC.",Livery ,N,N
B01288,NEW ELEGANTE CAR SVC INC,Livery ,N,N
B02416,"NEW STORM CAR SERVICE, INC.",Livery ,N,N
B00919,HARLEM CARS INC.,Livery ,N,N
B01200,NEW YORK APPLE CAR SERVICE INC,Livery ,N,N
B02491,CALL THREES LLC,Livery ,N,N
B00653,ROYAL CAR & LIMO SERVICE INC.,Livery ,N,N
B02320,GDS TRANSPORTATION CORP.,Livery ,N,N
B02462,TIFFANY'S CAR SERVICE INC.,Livery ,N,N
B00984,P J CAR SVCE,Livery ,N,N
B02782,NEW APP CAR & LIMO INC,Livery ,N,N
B02759,"LAPUMA TRANSPORTATION GROUP,LLC",Livery ,N,N
B01406,GOTHAM CAR SERVICE INC.,Livery ,N,N
B01336,BAY EXPRESS CORP.,Livery ,N,N
B01726,SUPER CLASS RADIO DISP INC,Livery ,N,N
B01346,ARECIBO C/S INC,Livery ,N,N
B02738,EXPLORER CAR SERVICE INC.,Livery ,N,N
B01614,R TRANSPORT INC,Livery ,N,N
B02379,THE OPTION TRANSPORTATION CORP.,Livery ,N,N
B01848,GRAND LIMO & CAR SERVICE INC.,Livery ,N,N
B00196,NEW EASY WAY RADIO DISP INC,Livery ,N,N
B01568,N.Y. MEXICANA CAR & LIMO SVC CRP.,Livery ,N,N
B02709,DASH CAR SERVICE CORP,Livery ,N,N
B01389,METRO LUXURY INC,Livery ,N,N
B02569,LAPUMA GO GREEN LLC,Livery ,N,N
B01312,BROOKLYN RAD DISP INC,Livery ,N,N
B01269,DIVISION CAR & LIMO INC.,Livery ,N,N
B01745,AZUAY CORPORATION,Livery ,N,N
B02546,X RADIO DISPATCHER INC.,Livery ,N,N
B00375,THE EXCELLENT C/S INC,Livery ,N,N
B02557,185 MALTA CAR SERVICE LLC,Livery ,N,N
B00131,NEW MEXICANA CAR SERVICE II INC.,Livery ,N,N
B02315,LA MORENITA CAR LIMO SERVICE INC,Livery ,N,N
B01679,OLLIE'S TRANSPORTATION SERVICE,Livery ,N,N
B01398,ALEX EXP C/L INC,Livery ,N,N
B01056,UNITY CAR & LIMO INC.,Livery ,N,N
B00160,JAFFA CAR & LIMO SVC INC,Livery ,N,N
B02245,OCEANA CAR AND LIMO,Livery ,N,N
B03009,APPROACH CAR SERVICE LLC.,Livery ,N,N
B01651,U.P.S. RADIO DISPATCH CORP.,Livery ,N,N
B01263,"RACHEL'S CAR SERVICE,INC.",Livery ,N,N
B00932,NATASHAS GRP CAR CORP,Livery ,N,N
B01625,GLOBE CAR SERVICE INC,Livery ,N,N
B01057,NEW AMERICAN C/L SVC,Livery ,N,N
B00449,A KINGS HWY C/S INC.,Livery ,N,N
B00811,LLAMA LIMO C/S CORP,Livery ,N,N
B02731,EMES OF BOROPARK CAR SERVICE INC,Livery ,N,N
B00860,SEAMAN RADIO DISPATCHERS INC,Livery ,N,N
B00531,"FRIENDLY BEST-WAY TRANSPORTATION, INC.",Livery ,N,N
B02793,SEAVIEW ISLAND CAR SERVICE,Livery ,N,N
B00112,"AYY&M TRANSPORTATION, LLC",Livery ,N,N
B02658,ASCONA CAR SERVICE INC.,Livery ,N,N
B01741,MONACO LIMO & CAR SERVICES INC.,Livery ,N,N
B01176,SANTO DOMINGO CAR LIMO SERVICES INC,Livery ,N,N
B01623,JAMAICA EXPRESS CAR SERVICE INC.,Livery ,N,N
B02509,NY MINUTE CAR SERVICE INC.,Livery ,N,N
B00727,RECHEV OF BROOKLYN INC,Livery ,N,N
B00827,"CASTLE CAR SERVICE, INC",Livery ,N,N
B02661,MIC-LOU CAR SERVICES_LLC,Livery ,N,N
B01308,LIL'D DISPATCH INC.,Livery ,N,N
B02688,KJ TRANSPORTATION,Livery ,N,N
B01534,METRO CAR SERVICE CORP.,Livery ,N,N
B01124,COOPERATIVA CLBNA DE CON INC,Livery ,N,N
B01678,"G.T.N.Y. CAR SERVICE, INC.",Livery ,N,N
B01051,B Q N C/S CORP,Livery ,N,N
B00310,WATSON CAR SERVICE INC.,Livery ,N,N
B00325,CONTINENTAL RADIO DISPATCH CORP.,Livery ,N,N
B01079,THE METRO MARINE CAR SERVICE INC,Livery ,N,N
B01738,SAETA CAR SERVICE INC.,Livery ,N,N
B00972,N.J.M.INC.,Livery ,N,N
B01340,UNICAR COMPANY INC,Livery ,N,N
B00882,U N C CAR & LIMO SERVICE,Livery ,N,N
B00346,MERRICK C/S INC,Livery ,N,N
B01215,ECUADOOR CORP,Livery ,N,N
B02536,SEAGULL RIDE CORP,Livery ,N,N
B02346,PIA CAR LIMO. INC.,Livery ,N,N
B01339,R C AUDUBON SVC INC,Livery ,N,N
B02790,"LAN TIAN CAR SERVICE, INC",Livery ,N,N
B01529,J.I.G. TRANSPORT CORP.,Livery ,N,N
B01764,QUICK RIDE CORP.,Livery ,N,N
B00009,T-D MAINTENANCE,Livery ,N,N
B01039,NYC WHEELS CAR SERVICE INC.,Livery ,N,N
B01536,FIRST CLASS C/L SVC CORP,Livery ,N,N
B02163,JUNIORS EXPRESS CAR SERVICE INC.,Livery ,N,N
B02182,"FINEST CAR SERVICE, LLC",Livery ,N,N
B02531,CLEAN AIR CAR SERVICE AND PARKING CORP.,Livery ,N,N
B01244,MASADA II C/L SVC INC,Livery ,N,N
B02390,TEL AVIV CAR & LIMOUSINE SERVICE INC.,Livery ,N,Y
B00802,BELL CAR SVC INC,Livery ,N,N
B00290,ZPI CORPORATION,Livery ,N,N
B01243,EILAT TRANSPORTATION CORP,Livery ,N,N
B01239,BEST DEAL PVT C/S INC,Livery ,N,N
B02481,TEN I CON CORP.,Livery ,N,N
B01452,AREAS TRANSP INC,Livery ,N,N
B00255,CAUTIOUS CARS INC.,Livery ,N,N
B02573,SUNSET PARK CAR SERVICE INC,Livery ,N,N
B02988,"BED STAR DRIVERS ASSOCIATES, INC",Livery ,N,N
B01083,BROAD DYCKMAN C/S INC,Livery ,N,N
B02026,A RIDE FOR ALL LLC,Livery ,N,Y
B02004,METROPOLITAN MULTIPLEX CAR SERVICE CORP.,Livery ,N,N
B00095,LIBERTY CAR SERVICE INC.,Livery ,N,N
B01020,MICHAELS CAR SERVICE INC.,Livery ,N,N
B00256,FAST OPERATING CORP,Livery ,N,Y
B02760,VISMAR RADIO DISPATCH INC.,Livery ,N,N
B01510,JPAN TRANSPORTATION INC,Livery ,N,N
B00941,PERSONAL TOUCH C/S,Livery ,N,N
B02736,TRINITY CAR SERVICE INC,Livery ,N,N
B01424,EAGLE CAR & LIMO LTD.,Livery ,N,N
B01432,TOVAR TRANSPORTATION INC,Livery ,N,N
B01601,YOURS CAR SERVICE INC,Livery ,N,N
B00559,7 OCEAN EXPRESS INC.,Livery ,N,N
B01362,AMERICAN BASE NO.1 INC.,Livery ,N,N
B01710,"79 MASADA III, INC.",Livery ,N,N
B02999,"TEST BASE, TEST TEST",Livery ,N,N
B01196,DIPLO RAD DISP INC,Livery ,N,N
B02249,"LA RAZA CAR SERVICE, INC.",Livery ,N,N
B03265,"TIJUANA CAR SERVICE NO. 1, INC",Livery ,N,N
B02937,"ACCESS TRANSPORTATION GROUP, LLC",Livery ,N,N
B03043,NYM MEDICAL TRANSPORTATION INC.,Livery ,N,N
B01509,"BRUNWISH ENTERPRISES,LTD.",Livery ,N,N
B02657,MALCOLM LIMO EXPRESS CORP.,Livery ,N,N
B01540,ROCKAWAY VIP SERVICE INC.,Livery ,N,N
B02037,KINGSDALE DISPATCH INC,Livery ,N,N
B01009,UNITED LIMO C/M SVC CORP,Livery ,N,N
B01338,3210 WEBSTER AV PRESTIGE C/S,Livery ,N,N
B00706,"VIC & BAY CAR SERVICE, INC",Livery ,N,N
B02463,MORENITA EXPRESS CAR SERVICE INC.,Livery ,N,N
B01118,INTERNATIONAL CAR SERVICE INC.,Livery ,N,N
B01466,FIVE STAR,Livery ,N,N
B00021,MEXICANA HIGH CLASS INC.,Livery ,N,N
B01553,CITY LINE CAR SERVICE INC,Livery ,N,N
B01417,NESHER EXPRESS CAR SERVICE 2 INC.,Livery ,N,N
B01482,SHORE TRANSPORTATION INC,Livery ,N,N
B02377,AMERICAN BASE #2. INC.,Livery ,N,N
B02643,LORY CAR SERVICE CORP.,Livery ,N,N
B02671,COMMUNITY CAR SERVICE PRISCILLA CORP,Livery ,N,N
B00823,"EASTERN L.P.B.,INC.",Livery ,N,N
B01148,EVELYN CAR SERVICE INC,Livery ,N,N
B00222,"REYNO CAR SVC, INC.",Livery ,N,N
B02674,ELAL CAR LIMO SERVICE LLC,Livery ,N,N
B02634,VETERANS RADIO DISPATCHER CORP.,Livery ,N,N
B01273,PUERTO RICO CAR SERVICE INC.,Livery ,N,N
B01470,AGUILA CAR & LIMO CORPORATION,Livery ,N,N
B00906,OLYMPIA OPERATING CAR SERVICE OF NY CORP.,Livery ,N,N
B01469,"BROTHERS CAR SERVICE, INC.",Livery ,N,N
B00149,RAINBOW RAD DISP INC,Livery ,N,N
B03046,"BEL-LINDA, INC",Livery ,N,N
B00937,RIVERSIDE RADIO DISPATCHER,Livery ,N,N
B01734,AMERICAN DREAM CAR SERVICE INC.,Livery ,N,N
B01639,HIGH CLASS LIMO CAR SVCE CORP,Livery ,N,N
B00008,T-D MAINTENANCE CORP,Livery ,N,N
B01282,NEW LOTS C/S INC,Livery ,N,N
B01711,FLUSHING LIMO TRANSP CORP,Livery ,N,N
B01313,JOY CAR SERVICES INC.,Livery ,N,N
B02553,"NEW JUBILEE CAR SERVICE, INC.",Livery ,N,N
B02710,"GOLDEN AGE TRANSIT,LLC",Livery ,N,N
B02920,AMAZING CAR AND LIMO SERVICE INC,Livery ,N,N
B01721,W.K. CAR & LIMO SERVICE INC,Livery ,N,N
B02301,DOUBLE A CAR SERVICE INC.,Livery ,N,N
B02677,"A.T.B. CAR AND LIMOUSINE SERVICE, INC.",Livery ,N,N
B01326,DEBORAH C/L SVC INC,Livery ,N,N
B01455,REPUBLICA CAR & LIMO SERVICE CORP.,Livery ,N,N
B00210,"HOWARD CAR SERVICE,INC.",Livery ,N,N
B00429,SURF CAR SYSTEMS INC,Livery ,N,N
B01559,MUNKACS CAR SVC LTD,Livery ,N,N
B01527,NEW FAMILY RAD DISP INC,Livery ,N,Y
B00248,YELLOWSTONE TRANSPORTATION INC.,Livery ,N,Y
B00369,BOULEVARD OPERATING INC.,Livery ,N,N
B01743,TWO WAY BLACK CARS & RAD GRP,Livery ,N,N
B01088,PAISA 2 CAR AND LIMOUSINE SERVICE INC,Livery ,N,N
B02183,BANGLA CAR & LIMO. SERVICE INC.,Livery ,N,N
B00855,MAGNIFICENT 7'S ENTP INC,Livery ,N,N
B01626,LA NUEVA QUISQUEYA C/S INC,Livery ,N,N
B00692,"CHEERS DISPATCH,INC.",Livery ,N,N
B00221,PROFESSIONAL CAR SERVICE INC,Livery ,N,N
B00889,MEXICANA CAR SERVICE INC.,Livery ,N,N
B00225,DELANCEY TRANSPORTATION INC.,Livery ,N,N
B01821,EMPIRE TRANSPORTATION SERVICE INC.,Livery ,N,N
B03219,"EZRA CAR SERVICE, INC.",Livery ,N,N
B02093,V.J. CAR & LIMO SVC INC.,Livery ,N,N
B02021,EASYRIDE CAR SERVICE INC.,Livery ,N,N
B01328,DV LUXURY CAR SERVICE INC,Livery ,N,N
B02719,"49 WESTCHESTER SQUARE PRESTIGE CAR SERVICE, CORP.",Livery ,N,N
B02521,"PICTURE PROPERTIES, INC.",Livery ,N,N
B00965,BEN JEVO MGT. INC.,Livery ,N,N
B00419,KOOP DISPATCHING INC.,Livery ,N,N
B00833,OMEGA CAR SERVICE INC.,Livery ,N,N
B01699,DT BROOKLYN CAR AND LIMO SVC. INC.,Livery ,N,N
B00900,BIG Q CAR SVC. INC.,Livery ,N,N
B01653,ART'S PLACE INC.,Livery ,N,N
B01963,AFRO CAR SERVICE CORP,Livery ,N,N
B02717,ZOOM CAR SERVICE INC.,Livery ,N,N
B01029,ZION CAR SERVICE INC.,Livery ,N,N
B01128,PAK-EAGLE INC.,Livery ,N,N
B02594,FENIX MOBILE DISPATCHERS LTD,Livery ,N,N
B00597,WAKEFIELD LSG MAINT CORP,Livery ,N,N
B01045,CAPRICE CAR SERVICE NO.2 INC.,Livery ,N,N
B01250,BELLE MANAGEMENT CORP.,Livery ,N,N
B00037,TRANSP UNLIMITED C/S,Livery ,N,N
B01739,CITY CAR SERVICE CORP,Livery ,N,N
B00445,JOE M LEASING CORP,Livery ,N,N
B01811,IVOIRE LIMO INC.,Livery ,N,N
B01808,OLD TOWN CARS CORP,Livery ,N,N
B01616,"H & B CAR AND LIMOUSINE, INC",Livery ,N,N
B01958,ST.ALBANS-HOLLIS CAR SERVICE INC.,Livery ,N,N
B02934,JUN'S LIMOUSINE AND CAR SERVICE LLC,Livery ,N,N
B02851,GALLANT CAR SERVICE CORP.,Livery ,N,N
B00693,BUSHWICK CAR SVCE INC,Livery ,N,N
B01318,LOWER EAST SIDE C/S CORP,Livery ,N,N
B00756,T & S HILLSIDE INC.,Livery ,N,N
B01485,FLAMINGO TRANSP. & LIMO. SERVICES INC.,Livery ,N,N
B02465,7 STAR CAR & LIMOUSINE INC.,Livery ,N,Y
B02613,NYC STAR LIMOUSINE & CAR SERVICES CORP.,Livery ,N,N
B01386,FENIX PREMIUM CORP.,Livery ,N,N
B02111,HUANG HOU CAR SERVICES INC.,Livery ,N,Y
B02107,APOLLO RADIO DISPATCH INC.,Livery ,N,N
B01391,ROSE 'N' DALE C/S INC,Livery ,N,N
B02735,"BEST DEAL CAR SERVICE 2,INC.",Livery ,N,N
B00319,AVENTINE AUTO RENTAL INC,Livery ,N,N
B01013,AMERICANA TRANSPORTATION LLC,Livery ,N,N
B02219,ALL QUEENS CAR & LIMOUSINE INC.,Livery ,N,N
B01146,CHURCH AVE C/S INC,Livery ,N,N
B03041,PUEBLA CITY INC.,Livery ,N,N
B02335,ROCHDALE CAR SERVICE INC.,Livery ,N,N